ts,price,volume,side
1763510077.422,3116.8,0.01,B
1763510077.422,3116.72,0.01,B
1763510077.422,3116.72,0.01,B
1763510077.422,3116.7,0.01,B
1763510077.422,3116.7,0.01,B
1763510077.422,3116.66,0.02,B
1763510077.422,3116.63,0.02,B
1763510077.42,3116.61,0.01,B
1763510077.415,3116.57,0.02,B
1763510077.415,3116.56,0.14,B
1763510077.415,3116.56,0.01,B
1763510077.415,3116.56,0.01,B
1763510077.415,3116.56,0.32,B
1763510075.684,3116.55,0.11,S
1763510075.474,3116.56,0.08,B
1763510075.444,3116.58,0.01,S
1763510075.444,3116.58,0.01,S
1763510075.444,3116.61,0.01,S
1763510075.444,3116.7,0.01,S
1763510075.444,3116.7,0.01,S
1763510075.444,3116.71,0.02,S
1763510075.444,3116.76,0.01,S
1763510075.444,3116.76,0.01,S
1763510075.438,3116.77,0.5,B
1763510073.916,3116.77,4.1,B
1763510073.916,3116.77,1.37,B
1763510073.916,3116.77,1.37,B
1763510073.656,3116.74,0.01,B
1763510073.656,3116.74,0.01,B
1763510073.656,3116.7,0.01,B
1763510073.656,3116.7,0.01,B
1763510073.656,3116.6,0.01,B
1763510073.656,3116.59,0.15,B
1763510073.656,3116.59,0.01,B
1763510073.656,3116.59,0.01,B
1763510073.656,3116.59,0.32,B
1763510073.187,3116.65,0.01,S
1763510073.187,3116.65,0.01,S
1763510072.547,3116.7,0.01,S
1763510072.547,3116.7,0.01,S
1763510072.547,3116.76,0.01,S
1763510072.547,3116.77,0.02,S
1763510072.547,3116.81,0.01,S
1763510072.547,3116.81,0.01,S
1763510072.278,3116.93,0.46,B
1763510072.07,3116.91,0.01,B
1763510072.07,3116.91,0.01,B
1763510072.07,3116.88,0.01,B
1763510072.07,3116.87,0.01,B
1763510072.07,3116.82,0.01,B
1763510072.07,3116.79,0.02,B
1763510072.07,3116.75,0.01,B
1763510072.07,3116.75,0.01,B
1763510072.07,3116.72,0.01,B
1763510071.759,3116.71,0.01,S
1763510071.437,3116.7,0.01,B
1763510071.437,3116.7,0.01,B
1763510071.437,3116.6,0.01,B
1763510071.437,3116.58,0.01,B
1763510071.437,3116.58,0.01,B
1763510071.437,3116.58,0.01,B
1763510071.437,3116.58,0.01,B
1763510071.437,3116.58,0.01,B
1763510070.91,3116.66,0.01,S
1763510070.91,3116.66,0.01,S
1763510070.91,3116.68,0.01,S
1763510070.91,3116.7,0.01,S
1763510070.91,3116.7,0.01,S
1763510070.638,3116.7,0.01,B
1763510070.638,3116.7,0.01,B
1763510070.627,3116.68,0.01,B
1763510070.627,3116.66,0.01,B
1763510070.625,3116.65,0.01,B
1763510070.602,3116.63,0.01,B
1763510070.602,3116.59,0.01,B
1763510070.602,3116.59,0.01,B
1763510070.598,3116.52,0.01,B
1763510070.598,3116.52,0.01,B
1763510070.584,3116.49,0.51,B
1763510070.584,3116.43,0.01,B
1763510070.584,3116.43,0.01,B
1763510070.584,3116.4,0.01,B
1763510070.584,3116.39,0.02,B
1763510070.584,3116.34,0.01,B
1763510070.584,3116.28,0.01,B
1763510070.584,3116.28,0.57,B
1763510070.584,3116.28,2.8,B
1763510070.584,3116.28,0.05,B
1763510070.584,3116.28,1.03,B
1763510070.584,3116.28,0.09,B
1763510070.584,3116.28,0.01,B
1763510070.584,3116.28,0.01,B
1763510067.632,3116.27,0.05,S
1763510067.632,3116.27,0.01,S
1763510067.626,3116.4,0.01,S
1763510067.626,3116.4,0.01,S
1763510067.626,3116.4,0.01,S
1763510067.626,3116.42,0.01,S
1763510067.626,3116.42,0.01,S
1763510067.626,3116.44,0.01,S
1763510067.626,3116.46,0.02,S
1763510067.626,3116.49,0.01,S
1763510067.626,3116.49,0.11,S
1763510067.626,3116.49,0.09,S
1763510067.027,3116.54,0.01,S
1763510067.027,3116.58,0.02,S
1763510067.027,3116.58,0.01,S
1763510067.027,3116.58,0.01,S
1763510067.027,3116.59,0.01,S
1763510067.027,3116.59,0.01,S
1763510067.027,3116.59,0.31,S
1763510067.023,3116.59,0.02,S
1763510066.559,3116.61,0.01,S
1763510066.559,3116.61,0.01,S
1763510066.555,3116.68,0.01,S
1763510066.555,3116.7,0.01,S
1763510066.555,3116.7,0.01,S
1763510066.555,3116.72,0.01,S
1763510066.555,3116.72,0.03,S
1763510066.549,3116.72,0.02,S
1763510066.327,3116.72,0.05,S
1763510066.327,3116.74,0.01,S
1763510066.327,3116.74,0.01,S
1763510066.327,3116.74,0.01,S
1763510066.322,3116.78,0.01,S
1763510066.322,3116.82,0.01,S
1763510066.322,3116.83,0.01,S
1763510066.322,3116.83,0.14,S
1763510066.317,3116.83,0.41,S
1763510066.308,3116.89,0.01,S
1763510066.308,3116.89,0.01,S
1763510066.308,3116.89,1.62,S
1763510066.049,3116.89,0.57,S
1763510065.602,3116.89,0.05,S
1763510065.602,3116.89,0.05,S
1763510065.595,3116.89,0.05,S
1763510065.5,3116.9,0.23,B
1763510065.397,3116.89,0.21,S
1763510065.316,3116.9,0.01,S
1763510065.316,3116.92,0.01,S
1763510065.316,3116.94,0.01,S
1763510065.316,3116.94,0.01,S
1763510065.311,3116.95,0.06,S
1763510065.31,3116.95,0.03,S
1763510065.31,3116.96,0.01,S
1763510065.31,3117.0,0.01,S
1763510065.31,3117.0,0.01,S
1763510065.303,3117.05,0.1,S
1763510065.303,3117.1,0.01,S
1763510065.303,3117.1,0.01,S
1763510065.303,3117.1,0.01,S
1763510065.303,3117.1,5.49,S
1763510065.302,3117.1,3.44,S
1763510065.292,3117.1,1.07,S
1763510065.292,3117.1,0.01,S
1763510065.27,3117.11,0.01,S
1763510065.27,3117.11,0.01,S
1763510065.27,3117.12,0.01,S
1763510065.27,3117.15,0.01,S
1763510065.27,3117.15,0.01,S
1763510065.27,3117.2,0.01,S
1763510065.27,3117.2,2.08,S
1763510065.245,3117.24,0.01,S
1763510065.245,3117.27,0.01,S
1763510065.245,3117.27,0.01,S
1763510065.245,3117.3,0.01,S
1763510065.245,3117.3,0.01,S
1763510065.235,3117.37,0.02,S
1763510065.235,3117.37,1.8,S
1763510065.235,3117.37,8.06,S
1763510065.235,3117.38,0.01,S
1763510065.235,3117.39,0.02,S
1763510065.233,3117.42,0.01,S
1763510065.233,3117.42,1.97,S
1763510065.233,3117.42,0.55,S
1763510065.233,3117.42,0.69,S
1763510064.607,3117.45,0.02,S
1763510064.607,3117.45,0.01,S
1763510064.607,3117.45,0.01,S
1763510064.602,3117.47,0.05,S
1763510064.602,3117.47,0.05,S
1763510064.595,3117.47,0.05,S
1763510064.037,3117.52,0.01,S
1763510064.037,3117.52,0.01,S
1763510064.027,3117.55,0.01,S
1763510064.027,3117.55,0.02,S
1763510064.017,3117.56,0.01,S
1763510064.014,3117.6,0.01,S
1763510064.014,3117.6,0.01,S
1763510064.014,3117.6,0.01,S
1763510064.011,3117.61,0.01,S
1763510064.011,3117.61,0.01,S
1763510064.011,3117.61,0.01,S
1763510064.007,3117.62,0.01,S
1763510064.007,3117.62,0.01,S
1763510063.993,3117.66,0.01,S
1763510063.988,3117.7,0.02,S
1763510063.988,3117.73,0.04,S
1763510063.988,3117.73,0.01,S
1763510063.988,3117.73,0.01,S
1763510063.988,3117.73,17.1,S
1763510063.986,3117.73,5.49,S
1763510063.828,3117.74,0.01,B
1763510063.315,3117.74,0.02,B
1763510062.03,3117.74,0.16,B
1763510061.755,3117.73,0.03,S
1763510061.609,3117.74,0.03,B
1763510061.331,3117.77,0.02,S
1763510061.331,3117.79,0.01,S
1763510061.331,3117.83,0.01,S
1763510061.331,3117.83,0.01,S
1763510061.327,3117.9,0.01,S
1763510061.327,3117.92,0.01,S
1763510061.327,3117.93,0.01,S
1763510061.327,3117.93,0.01,S
1763510060.89,3117.94,1.82,B
1763510060.89,3117.94,0.01,B
1763510059.259,3117.9,0.01,B
1763510059.259,3117.85,0.07,B
1763510059.259,3117.74,0.01,B
1763510059.259,3117.74,0.01,B
1763510058.225,3117.74,0.01,B
1763510058.194,3117.77,0.02,S
1763510058.194,3117.79,0.01,S
1763510058.194,3117.8,0.01,S
1763510058.186,3117.81,0.04,S
1763510058.186,3117.83,0.02,S
1763510058.186,3117.83,0.01,S
1763510058.186,3117.83,0.01,S
1763510058.186,3117.84,0.1,S
1763510058.186,3117.84,0.01,S
1763510057.36,3117.84,0.15,S
1763510057.36,3117.84,0.01,S
1763510057.067,3117.86,0.02,S
1763510057.067,3117.89,0.02,S
1763510057.067,3117.9,0.01,S
1763510057.067,3117.9,0.01,S
1763510057.057,3117.9,0.02,S
1763510057.057,3117.9,0.04,S
1763510057.057,3117.9,0.01,S
1763510057.047,3117.95,0.01,S
1763510057.027,3117.99,0.01,S
1763510057.027,3117.99,0.01,S
1763510057.027,3118.0,0.01,S
1763510057.027,3118.05,0.01,S
1763510057.027,3118.06,0.01,S
1763510057.027,3118.06,0.01,S
1763510057.019,3118.19,0.01,S
1763510057.019,3118.19,0.01,S
1763510057.017,3118.2,0.01,S
1763510057.017,3118.26,0.01,S
1763510057.017,3118.26,0.53,S
1763510057.016,3118.26,0.66,S
1763510057.016,3118.26,0.04,S
1763510056.94,3118.26,0.37,S
1763510056.94,3118.26,0.01,S
1763510056.054,3118.27,1.54,B
1763510055.815,3118.26,0.01,S
1763510054.446,3118.26,0.02,S
1763510054.446,3118.26,0.02,S
1763510054.446,3118.26,0.02,S
1763510054.249,3118.26,0.02,S
1763510054.248,3118.26,0.01,S
1763510054.248,3118.26,0.01,S
1763510053.887,3118.27,0.06,B
1763510051.195,3118.27,0.78,B
1763510051.195,3118.25,0.01,B
1763510051.195,3118.24,0.01,B
1763510051.195,3118.2,0.01,B
1763510051.195,3118.19,0.02,B
1763510051.195,3118.19,0.02,B
1763510051.195,3118.17,0.03,B
1763510051.195,3118.16,0.49,B
1763510051.195,3118.14,0.12,B
1763510051.195,3118.14,0.01,B
1763510051.195,3118.14,1.0,B
1763510050.857,3118.13,0.01,B
1763510050.857,3118.13,0.01,B
1763510050.857,3118.13,0.01,B
1763510050.846,3118.08,0.01,B
1763510050.846,3118.07,0.02,B
1763510050.846,3118.05,0.01,B
1763510050.837,3118.0,0.01,B
1763510050.837,3118.0,0.01,B
1763510050.837,3118.0,0.01,B
1763510050.837,3118.0,0.01,B
1763510049.298,3117.99,0.16,S
1763510048.798,3118.0,2.02,B
1763510047.757,3117.99,0.01,B
1763510047.757,3117.99,0.11,B
1763510047.757,3117.99,0.01,B
1763510047.757,3117.99,0.01,B
1763510047.393,3117.99,1.16,B
1763510047.393,3117.98,2.15,B
1763510047.393,3117.94,0.01,B
1763510047.393,3117.94,0.01,B
1763510047.393,3117.92,0.01,B
1763510047.393,3117.9,0.01,B
1763510047.393,3117.84,0.01,B
1763510047.393,3117.82,0.02,B
1763510047.393,3117.77,0.03,B
1763510047.393,3117.74,0.1,B
1763510047.393,3117.74,0.01,B
1763510047.393,3117.74,0.05,B
1763510047.393,3117.74,0.05,B
1763510047.393,3117.74,0.01,B
1763510047.393,3117.74,0.01,B
1763510047.393,3117.74,0.11,B
1763510044.78,3117.74,0.03,B
1763510042.678,3117.74,0.03,B
1763510042.678,3117.74,0.01,B
1763510042.678,3117.74,0.01,B
1763510042.678,3117.74,0.01,B
1763510042.678,3117.74,0.09,B
1763510041.501,3117.74,2.76,B
1763510041.501,3117.74,0.64,B
1763510041.501,3117.74,2.99,B
1763510041.501,3117.74,5.16,B
1763510039.452,3117.77,0.02,S
1763510039.452,3117.78,0.01,S
1763510039.448,3117.78,0.01,S
1763510039.448,3117.8,0.01,S
1763510039.448,3117.8,0.01,S
1763510039.448,3117.8,0.02,S
1763510039.448,3117.84,0.01,S
1763510039.448,3117.86,0.02,S
1763510039.448,3117.9,0.01,S
1763510039.442,3117.94,0.01,S
1763510039.442,3117.94,0.01,S
1763510039.442,3117.94,0.01,S
1763510039.437,3117.97,0.01,S
1763510039.437,3117.99,0.5,S
1763510039.437,3117.99,0.1,S
1763510039.437,3117.99,0.01,S
1763510039.437,3117.99,0.01,S
1763510039.437,3117.99,0.17,S
1763510037.211,3118.0,0.01,B
1763510036.291,3117.99,0.03,S
1763510036.291,3117.99,0.01,S
1763510036.291,3117.99,0.01,S
1763510036.291,3118.0,0.01,S
1763510036.291,3118.02,0.02,S
1763510036.291,3118.05,0.02,S
1763510036.291,3118.05,0.01,S
1763510036.291,3118.08,0.02,S
1763510036.291,3118.08,0.01,S
1763510036.291,3118.11,0.02,S
1763510036.291,3118.13,0.14,S
1763510036.291,3118.13,0.01,S
1763510036.291,3118.13,0.01,S
1763510035.546,3118.14,0.04,B
1763510035.19,3118.14,1.79,B
1763510035.19,3118.14,0.79,B
1763510035.19,3118.14,3.42,B
1763510034.143,3118.14,0.01,S
1763510034.139,3118.17,0.01,S
1763510034.139,3118.17,0.01,S
1763510034.139,3118.17,0.01,S
1763510034.139,3118.17,0.01,S
1763510034.126,3118.18,0.01,S
1763510034.126,3118.18,0.01,S
1763510034.126,3118.2,0.01,S
1763510034.122,3118.25,0.01,S
1763510034.02,3118.25,1.47,S
1763510034.02,3118.25,0.16,S
1763510034.02,3118.25,0.01,S
1763510034.02,3118.25,0.01,S
1763510034.02,3118.25,2.66,S
1763510033.098,3118.26,0.01,B
1763510033.098,3118.26,0.01,B
1763510032.866,3118.35,0.01,S
1763510032.866,3118.35,0.01,S
1763510032.86,3118.43,6.7,S
1763510032.86,3118.49,1.8,S
1763510032.86,3118.49,0.02,S
1763510032.86,3118.49,0.02,S
1763510032.86,3118.49,0.01,S
1763510032.86,3118.49,0.01,S
1763510032.501,3118.48,0.01,B
1763510032.501,3118.43,0.04,B
1763510032.501,3118.43,0.05,B
1763510032.501,3118.43,0.01,B
1763510032.501,3118.43,0.01,B
1763510032.497,3118.41,0.01,B
1763510032.497,3118.41,0.01,B
1763510032.487,3118.4,0.01,B
1763510032.487,3118.36,0.01,B
1763510032.487,3118.36,0.01,B
1763510032.475,3118.34,0.01,B
1763510032.475,3118.34,0.01,B
1763510032.457,3118.31,0.01,B
1763510032.457,3118.29,0.02,B
1763510032.457,3118.29,0.01,B
1763510032.457,3118.27,0.01,B
1763510032.457,3118.27,0.01,B
1763510032.449,3118.26,0.31,B
1763510032.449,3118.26,0.01,B
1763510032.449,3118.26,0.13,B
1763510032.449,3118.26,0.01,B
1763510032.449,3118.26,0.01,B
1763510032.449,3118.26,0.01,B
1763510032.449,3118.26,0.01,B
1763510030.358,3118.25,0.02,S
1763510029.635,3118.22,0.01,B
1763510029.635,3118.22,0.01,B
1763510029.617,3118.2,0.02,B
1763510029.617,3118.19,0.02,B
1763510029.617,3118.14,0.01,B
1763510029.617,3118.14,0.01,B
1763510029.609,3118.12,0.01,B
1763510029.609,3118.12,0.01,B
1763510029.253,3118.11,0.04,B
1763510029.253,3118.11,0.01,B
1763510029.253,3118.11,0.01,B
1763510029.253,3118.08,0.01,B
1763510029.253,3118.08,0.01,B
1763510029.253,3118.07,0.01,B
1763510029.253,3118.05,0.01,B
1763510029.253,3118.05,0.01,B
1763510029.253,3118.04,0.01,B
1763510029.253,3118.03,0.02,B
1763510029.253,3118.01,0.03,B
1763510029.253,3118.0,0.02,B
1763510029.253,3118.0,0.14,B
1763510029.253,3118.0,0.01,B
1763510029.253,3118.0,0.01,B
1763510029.253,3118.0,0.94,B
1763510027.48,3118.0,0.06,B
1763510027.48,3118.0,0.07,B
1763510027.48,3118.0,0.02,B
1763510022.617,3117.94,0.01,B
1763510022.617,3117.94,0.01,B
1763510022.617,3117.94,0.01,B
1763510022.617,3117.94,0.01,B
1763510022.597,3117.9,0.01,B
1763510022.597,3117.87,0.01,B
1763510022.597,3117.85,0.01,B
1763510022.597,3117.83,0.01,B
1763510022.597,3117.83,0.01,B
1763510022.597,3117.81,0.1,B
1763510022.597,3117.81,0.01,B
1763510022.597,3117.8,0.01,B
1763510022.597,3117.79,0.15,B
1763510022.597,3117.75,0.01,B
1763510022.589,3117.74,1.23,S
1763510022.557,3117.7,0.01,B
1763510022.557,3117.66,0.01,B
1763510022.557,3117.66,0.01,B
1763510022.557,3117.64,0.01,B
1763510022.557,3117.62,0.01,B
1763510022.557,3117.62,0.01,B
1763510022.557,3117.6,0.01,B
1763510022.557,3117.6,0.01,B
1763510022.557,3117.59,0.14,B
1763510022.557,3117.59,0.01,B
1763510022.358,3117.57,0.02,B
1763510022.358,3117.54,0.02,B
1763510022.358,3117.52,0.01,B
1763510022.358,3117.52,0.01,B
1763510022.358,3117.5,0.06,B
1763510022.353,3117.46,0.01,B
1763510022.353,3117.46,0.01,B
1763510022.353,3117.44,0.02,B
1763510022.353,3117.41,0.02,B
1763510022.353,3117.41,0.02,B
1763510022.353,3117.41,0.27,B
1763510022.353,3117.38,0.01,B
1763510022.353,3117.38,0.01,B
1763510022.353,3117.38,0.64,B
1763510022.353,3117.38,0.09,B
1763510022.353,3117.38,0.01,B
1763510022.353,3117.38,0.01,B
1763510022.353,3117.38,0.04,B
1763510020.392,3117.38,0.12,B
1763510018.986,3117.37,0.6,S
1763510018.986,3117.37,0.26,S
1763510018.927,3117.38,0.03,B
1763510018.481,3117.38,0.53,B
1763510018.481,3117.38,0.09,B
1763510018.481,3117.38,0.22,B
1763510018.481,3117.38,0.1,B
1763510018.481,3117.38,0.01,B
1763510018.481,3117.38,0.01,B
1763510018.481,3117.38,0.01,B
1763510018.481,3117.38,0.01,B
1763510017.209,3117.37,0.01,B
1763510017.209,3117.37,0.01,B
1763510017.198,3117.34,0.01,B
1763510017.198,3117.34,0.01,B
1763510017.184,3117.3,0.01,B
1763510017.184,3117.29,0.01,B
1763510017.184,3117.28,0.01,B
1763510017.184,3117.28,0.01,B
1763510017.184,3117.26,0.02,B
1763510017.184,3117.24,0.01,B
1763510017.184,3117.23,0.02,B
1763510017.184,3117.2,0.01,B
1763510017.184,3117.2,0.1,B
1763510017.184,3117.2,0.13,B
1763510017.184,3117.2,0.01,B
1763510017.184,3117.2,0.01,B
1763510015.381,3117.2,0.26,B
1763510012.971,3117.17,0.14,B
1763510012.971,3117.17,0.05,B
1763510012.971,3117.15,0.01,B
1763510012.971,3117.12,0.01,B
1763510012.971,3117.11,0.01,B
1763510012.971,3117.11,0.01,B
1763510012.971,3117.11,0.01,B
1763510012.971,3117.1,0.01,B
1763510012.971,3117.09,0.01,B
1763510012.971,3117.04,0.01,B
1763510012.957,3117.01,0.02,B
1763510012.957,3117.0,0.01,B
1763510012.957,3116.99,0.01,B
1763510012.957,3116.98,0.02,B
1763510012.957,3116.96,0.04,B
1763510012.957,3116.96,0.01,B
1763510012.957,3116.95,0.01,B
1763510012.957,3116.95,0.01,B
1763510012.957,3116.95,0.01,B
1763510012.956,3116.92,0.02,B
1763510012.956,3116.87,0.01,B
1763510012.954,3116.82,0.01,B
1763510012.954,3116.8,0.1,B
1763510012.954,3116.8,0.02,B
1763510012.954,3116.8,0.1,B
1763510012.954,3116.8,0.11,B
1763510012.954,3116.8,0.01,B
1763510009.039,3116.8,0.01,B
1763510005.815,3116.8,2.96,B
1763510005.737,3116.78,0.02,B
1763510005.737,3116.78,0.01,B
1763510005.737,3116.76,0.14,B
1763510005.737,3116.76,0.01,B
1763510005.737,3116.76,0.01,B
1763510005.737,3116.76,0.01,B
1763510005.737,3116.76,0.01,B
1763510005.21,3116.73,0.01,B
1763510005.21,3116.73,0.01,B
1763510005.197,3116.7,0.02,B
1763510005.197,3116.7,0.01,B
1763510005.197,3116.7,0.01,B
1763510005.197,3116.68,0.01,B
1763510005.197,3116.66,0.02,B
1763510005.197,3116.64,0.02,B
1763510005.193,3116.61,0.01,B
1763510005.193,3116.6,0.01,B
1763510005.193,3116.6,0.01,B
1763510005.193,3116.6,0.01,B
1763510005.181,3116.57,0.03,B
1763510005.181,3116.57,0.01,B
1763510005.181,3116.54,0.02,B
1763510005.181,3116.54,0.01,B
1763510005.181,3116.51,0.02,B
1763510005.181,3116.48,0.01,B
1763510005.181,3116.48,0.64,B
1763510005.181,3116.48,0.02,B
1763510005.181,3116.48,0.07,B
1763510005.181,3116.48,0.04,B
1763510005.181,3116.48,0.01,B
1763510003.888,3116.48,0.16,B
1763510003.888,3116.48,0.01,B
1763510002.881,3116.48,0.02,B
1763510002.342,3116.48,0.01,B
1763510000.307,3116.44,0.01,B
1763510000.307,3116.43,0.01,B
1763510000.307,3116.43,0.01,B
1763510000.299,3116.4,0.01,B
1763510000.299,3116.4,0.01,B
1763510000.299,3116.4,0.01,B
1763510000.273,3116.39,0.01,B
1763510000.268,3116.38,0.02,B
1763510000.268,3116.38,0.01,B
1763510000.268,3116.35,0.14,B
1763510000.268,3116.35,0.02,B
1763510000.268,3116.32,0.02,B
1763510000.268,3116.29,0.02,B
1763510000.268,3116.28,0.01,B
1763510000.208,3116.27,0.01,B
1763510000.208,3116.26,0.01,B
1763510000.208,3116.26,0.01,B
1763510000.208,3116.26,0.01,B
1763510000.197,3116.25,0.01,B
1763510000.181,3116.19,0.01,B
1763510000.181,3116.19,0.01,B
1763510000.163,3116.1,0.01,B
1763510000.163,3116.1,0.01,B
1763510000.106,3116.09,0.01,B
1763510000.106,3116.09,0.01,B
1763510000.097,3116.01,0.01,B
1763510000.097,3116.01,0.01,B
1763510000.097,3116.01,0.01,B
1763510000.097,3116.01,0.01,B
1763509998.588,3116.0,0.08,S
1763509998.588,3116.0,0.01,S
1763509998.588,3116.0,0.01,S
1763509998.588,3116.0,0.37,S
1763509998.573,3116.0,0.3,S
1763509998.436,3116.01,0.01,B
1763509998.436,3116.01,0.15,B
1763509998.436,3116.01,0.01,B
1763509998.436,3116.01,0.01,B
1763509998.436,3116.01,0.32,B
1763509997.478,3116.0,0.5,S
1763509993.087,3116.1,0.01,S
1763509993.087,3116.12,0.01,S
1763509993.087,3116.12,0.01,S
1763509993.087,3116.12,0.01,S
1763509993.087,3116.12,0.01,S
1763509992.836,3116.13,0.5,B
1763509991.489,3116.13,0.82,B
1763509991.256,3116.02,2.54,S
1763509991.256,3116.02,0.02,S
1763509991.256,3116.1,0.01,S
1763509991.256,3116.11,0.02,S
1763509991.256,3116.14,0.01,S
1763509991.256,3116.14,0.01,S
1763509991.256,3116.25,0.01,S
1763509991.256,3116.3,0.02,S
1763509991.256,3116.34,0.01,S
1763509991.256,3116.34,0.01,S
1763509991.256,3116.34,0.01,S
1763509991.256,3116.34,0.01,S
1763509991.256,3116.34,0.01,S
1763509991.256,3116.34,0.32,S
1763509989.738,3116.35,0.15,B
1763509989.738,3116.35,0.01,B
1763509989.376,3116.34,0.02,B
1763509989.376,3116.25,0.01,B
1763509989.376,3116.19,0.01,B
1763509989.376,3116.15,0.01,B
1763509989.376,3116.15,0.01,B
1763509989.376,3116.15,0.01,B
1763509989.376,3116.15,0.01,B
1763509988.677,3116.19,0.01,S
1763509988.677,3116.25,0.01,S
1763509988.677,3116.26,0.01,S
1763509988.666,3116.38,0.1,S
1763509988.666,3116.38,0.01,S
1763509988.666,3116.38,0.01,S
1763509988.666,3116.38,0.01,S
1763509988.666,3116.38,0.01,S
1763509988.086,3116.39,0.01,B
1763509987.687,3116.39,0.01,S
1763509987.687,3116.39,0.01,S
1763509987.687,3116.4,0.01,S
1763509987.687,3116.4,0.01,S
1763509987.687,3116.4,0.01,S
1763509987.596,3116.46,0.02,S
1763509987.596,3116.52,0.02,S
1763509987.596,3116.55,0.02,S
1763509987.596,3116.57,0.01,S
1763509987.596,3116.58,0.01,S
1763509987.596,3116.58,0.01,S
1763509987.596,3116.59,0.1,S
1763509987.596,3116.59,0.01,S
1763509987.596,3116.59,0.01,S
1763509987.137,3116.6,0.33,B
1763509987.137,3116.6,0.01,B
1763509987.137,3116.6,0.01,B
1763509987.137,3116.6,0.13,B
1763509987.137,3116.6,0.01,B
1763509987.137,3116.6,0.01,B
1763509985.832,3116.59,0.16,S
1763509985.817,3116.54,0.01,B
1763509985.817,3116.49,0.01,B
1763509985.817,3116.44,0.01,B
1763509985.817,3116.44,0.01,B
1763509985.817,3116.41,0.01,B
1763509985.817,3116.41,0.1,B
1763509985.687,3116.4,0.01,B
1763509985.687,3116.4,0.01,B
1763509985.687,3116.4,0.01,B
1763509985.677,3116.39,0.01,B
1763509985.677,3116.37,0.01,B
1763509985.677,3116.27,0.01,B
1763509985.677,3116.26,0.01,B
1763509985.677,3116.26,0.01,B
1763509985.677,3116.26,0.01,B
1763509985.677,3116.25,0.01,B
1763509985.677,3116.22,0.16,B
1763509985.673,3116.21,0.01,B
1763509985.668,3116.17,0.04,B
1763509985.668,3116.15,0.01,B
1763509985.668,3116.15,0.32,B
1763509985.647,3116.1,0.01,B
1763509985.647,3116.05,0.01,B
1763509985.647,3116.05,0.01,B
1763509985.642,3116.0,0.01,B
1763509985.642,3116.0,0.01,B
1763509985.638,3115.94,0.02,B
1763509985.638,3115.94,0.31,B
1763509985.638,3115.94,0.29,B
1763509985.638,3115.94,0.51,B
1763509985.638,3115.94,0.07,B
1763509985.638,3115.94,0.01,B
1763509985.638,3115.94,0.13,B
1763509985.638,3115.94,0.01,B
1763509985.638,3115.94,0.88,B
1763509983.772,3115.94,0.05,B
1763509983.03,3115.93,1.19,S
1763509982.897,3115.85,0.14,B
1763509982.897,3115.85,0.01,B
1763509982.897,3115.85,0.01,B
1763509982.897,3115.85,0.01,B
1763509982.897,3115.85,0.01,B
1763509982.77,3115.84,0.8,S
1763509982.5,3115.84,0.68,S
1763509982.5,3115.84,0.01,S
1763509982.5,3115.84,0.01,S
1763509982.432,3115.93,0.01,S
1763509982.432,3115.93,0.01,S
1763509982.432,3115.93,0.01,S
1763509982.432,3115.93,0.01,S
1763509982.432,3115.93,0.01,S
1763509981.827,3115.98,0.01,S
1763509981.827,3116.0,0.01,S
1763509981.827,3116.04,0.01,S
1763509981.827,3116.04,0.01,S
1763509981.747,3116.1,0.01,S
1763509981.747,3116.1,0.01,S
1763509981.747,3116.11,0.01,S
1763509981.747,3116.11,0.01,S
1763509981.747,3116.12,0.01,S
1763509981.747,3116.16,0.01,S
1763509981.747,3116.2,0.01,S
1763509981.746,3116.25,0.01,S
1763509981.746,3116.26,0.01,S
1763509981.742,3116.32,0.01,S
1763509981.742,3116.32,0.01,S
1763509981.742,3116.4,0.02,S
1763509981.742,3116.4,0.29,S
1763509981.742,3116.4,0.01,S
1763509981.742,3116.4,0.01,S
1763509981.507,3116.41,0.5,B
1763509980.385,3116.51,0.01,S
1763509980.385,3116.51,0.01,S
1763509980.385,3116.53,0.02,S
1763509980.385,3116.59,0.03,S
1763509980.385,3116.6,0.01,S
1763509980.385,3116.61,0.02,S
1763509980.19,3116.66,0.01,B
1763509979.997,3116.67,0.01,S
1763509979.997,3116.67,0.01,S
1763509979.997,3116.7,0.01,S
1763509979.997,3116.7,0.01,S
1763509979.99,3116.77,0.02,S
1763509979.99,3116.78,0.01,S
1763509979.749,3116.81,0.01,B
1763509977.618,3116.81,0.46,B
1763509976.895,3116.86,0.02,S
1763509976.895,3116.86,0.01,S
1763509976.895,3116.86,0.01,S
1763509976.709,3116.92,1.73,S
1763509976.709,3116.92,0.1,S
1763509976.709,3116.92,0.15,S
1763509976.709,3116.92,0.01,S
1763509976.709,3116.92,0.01,S
1763509975.696,3116.84,0.32,B
1763509975.696,3116.82,0.01,B
1763509975.696,3116.82,0.01,B
1763509975.696,3116.82,0.01,B
1763509975.685,3116.78,0.01,B
1763509975.666,3116.77,0.01,B
1763509975.666,3116.77,0.01,B
1763509975.666,3116.77,0.01,B
1763509975.657,3116.73,0.02,B
1763509975.657,3116.71,0.01,B
1763509975.657,3116.71,0.01,B
1763509974.302,3116.71,2.48,B
1763509973.576,3116.7,0.01,B
1763509973.576,3116.7,0.01,B
1763509973.576,3116.7,0.01,B
1763509973.576,3116.7,0.01,B
1763509973.566,3116.68,0.01,B
1763509973.536,3116.68,1.85,B
1763509973.536,3116.68,0.01,B
1763509973.536,3116.68,0.01,B
1763509973.518,3116.66,0.01,B
1763509973.505,3116.62,0.05,B
1763509973.505,3116.61,0.01,B
1763509973.505,3116.59,0.01,B
1763509973.505,3116.59,0.01,B
1763509973.505,3116.52,0.01,B
1763509973.498,3116.41,0.02,B
1763509973.498,3116.4,0.01,B
1763509973.498,3116.39,0.01,B
1763509973.498,3116.39,0.07,B
1763509973.498,3116.39,0.14,B
1763509973.498,3116.39,0.22,B
1763509973.257,3116.38,0.2,S
1763509973.257,3116.38,0.01,S
1763509973.257,3116.38,0.01,S
1763509972.662,3116.39,0.01,B
1763509972.662,3116.39,0.01,B
1763509971.324,3116.39,0.23,B
1763509970.832,3116.39,1.48,B
1763509970.832,3116.39,0.79,B
1763509970.832,3116.39,0.23,B
1763509969.137,3116.4,0.01,S
1763509969.137,3116.4,0.01,S
1763509969.137,3116.42,0.02,S
1763509969.137,3116.47,0.01,S
1763509968.497,3116.47,0.01,S
1763509968.497,3116.47,0.01,S
1763509968.497,3116.47,0.01,S
1763509968.299,3116.48,4.27,B
1763509968.299,3116.48,2.24,B
1763509968.299,3116.48,2.24,B
1763509968.299,3116.48,2.1,B
1763509967.441,3116.48,0.14,B
1763509967.441,3116.48,0.02,B
1763509967.06,3116.48,0.01,S
1763509967.06,3116.48,0.01,S
1763509967.06,3116.6,0.01,S
1763509967.047,3116.64,0.02,S
1763509967.047,3116.65,0.01,S
1763509967.047,3116.65,0.01,S
1763509967.047,3116.65,0.01,S
1763509967.039,3116.7,0.01,S
1763509967.039,3116.7,0.62,S
1763509967.039,3116.7,0.27,S
1763509966.949,3116.7,0.68,S
1763509966.949,3116.7,0.1,S
1763509966.949,3116.7,0.01,S
1763509966.949,3116.7,0.01,S
1763509966.657,3116.71,0.32,B
1763509965.519,3116.71,1.67,B
1763509965.51,3116.71,10.91,B
1763509965.508,3116.71,2.7,B
1763509965.497,3116.7,0.01,B
1763509965.497,3116.7,0.01,B
1763509965.497,3116.68,0.01,B
1763509965.497,3116.68,0.01,B
1763509965.484,3116.66,0.69,B
1763509965.484,3116.64,0.02,B
1763509965.484,3116.63,0.01,B
1763509965.484,3116.61,0.01,B
1763509965.484,3116.61,0.01,B
1763509965.484,3116.61,0.01,B
1763509965.484,3116.59,0.32,B
1763509965.482,3116.55,0.01,B
1763509965.482,3116.55,0.02,B
1763509965.463,3116.55,0.02,B
1763509965.463,3116.54,0.01,B
1763509965.463,3116.53,0.01,B
1763509965.463,3116.51,0.1,B
1763509965.463,3116.49,0.01,B
1763509965.463,3116.49,0.07,B
1763509965.457,3116.43,0.01,B
1763509965.457,3116.42,0.01,B
1763509965.457,3116.42,0.02,B
1763509965.443,3116.41,0.03,B
1763509965.443,3116.41,0.07,B
1763509965.443,3116.4,0.01,B
1763509965.443,3116.4,0.01,B
1763509965.443,3116.4,0.02,B
1763509964.837,3116.37,0.01,B
1763509964.837,3116.37,0.01,B
1763509964.837,3116.37,0.01,B
1763509964.831,3116.33,0.01,B
1763509964.817,3116.26,0.01,B
1763509964.817,3116.25,0.01,B
1763509964.817,3116.23,0.01,B
1763509964.817,3116.21,0.01,B
1763509964.817,3116.21,0.01,B
1763509964.817,3116.21,0.01,B
1763509964.767,3116.2,0.01,B
1763509964.757,3116.19,0.01,B
1763509964.757,3116.16,0.01,B
1763509964.757,3116.16,0.12,B
1763509964.751,3116.16,0.08,B
1763509964.751,3116.16,0.02,B
1763509964.751,3116.16,0.06,B
1763509964.747,3116.12,0.01,B
1763509964.747,3116.12,0.01,B
1763509964.747,3116.12,0.01,B
1763509964.737,3116.1,0.01,B
1763509964.737,3116.05,0.01,B
1763509964.737,3116.04,0.01,B
1763509964.737,3116.04,0.01,B
1763509964.727,3116.0,0.01,B
1763509964.727,3115.98,0.01,B
1763509964.727,3115.98,0.01,B
1763509964.727,3115.94,0.01,B
1763509964.677,3115.91,0.01,B
1763509964.677,3115.85,0.01,B
1763509964.677,3115.85,0.01,B
1763509964.677,3115.85,0.01,B
1763509964.647,3115.84,0.01,B
1763509964.647,3115.84,0.01,B
1763509964.63,3115.8,0.01,B
1763509964.63,3115.8,0.02,B
1763509964.617,3115.77,0.01,B
1763509964.617,3115.73,0.01,B
1763509964.373,3115.7,0.01,B
1763509964.373,3115.64,0.01,B
1763509964.373,3115.64,0.01,B
1763509964.373,3115.62,0.01,B
1763509964.373,3115.56,0.01,B
1763509964.373,3115.5,0.01,B
1763509964.373,3115.42,0.01,B
1763509964.373,3115.4,0.05,B
1763509964.373,3115.4,0.15,B
1763509964.373,3115.4,0.01,B
1763509964.373,3115.4,0.01,B
1763509961.129,3115.35,0.01,B
1763509961.129,3115.34,0.01,B
1763509961.129,3115.28,0.01,B
1763509961.126,3115.2,0.02,B
1763509961.126,3115.19,0.01,B
1763509961.126,3115.14,0.01,B
1763509961.126,3115.14,0.01,B
1763509961.125,3115.12,0.01,B
1763509961.125,3115.12,0.06,B
1763509961.037,3115.11,0.01,B
1763509961.037,3115.11,0.01,B
1763509961.029,3115.08,0.01,B
1763509961.029,3115.08,0.01,B
1763509961.029,3115.08,0.01,B
1763509960.699,3115.0,0.01,B
1763509960.699,3115.0,0.01,B
1763509960.687,3114.95,0.01,B
1763509960.687,3114.95,0.01,B
1763509960.664,3114.96,0.01,B
1763509960.664,3114.96,0.01,B
1763509960.664,3114.95,0.02,B
1763509960.664,3114.91,0.01,B
1763509960.664,3114.9,0.01,B
1763509960.664,3114.9,0.01,B
1763509960.664,3114.89,0.02,B
1763509960.664,3114.86,0.01,B
1763509960.634,3114.8,0.01,B
1763509960.617,3114.79,0.01,B
1763509960.617,3114.79,0.02,B
1763509960.608,3114.73,0.02,B
1763509960.608,3114.72,0.01,B
1763509960.607,3114.71,0.01,B
1763509960.583,3114.67,0.02,B
1763509960.583,3114.64,0.02,B
1763509960.583,3114.62,0.01,B
1763509960.583,3114.62,0.01,B
1763509960.583,3114.6,0.01,B
1763509960.583,3114.58,0.01,B
1763509960.578,3114.5,0.15,B
1763509960.578,3114.5,0.01,B
1763509960.578,3114.5,0.01,B
1763509960.441,3114.48,0.02,B
1763509960.441,3114.47,0.01,B
1763509960.441,3114.45,0.02,B
1763509960.441,3114.45,0.01,B
1763509960.441,3114.45,0.01,B
1763509960.441,3114.45,0.01,B
1763509960.441,3114.42,0.02,B
1763509960.441,3114.4,0.01,B
1763509960.437,3114.39,0.02,B
1763509960.437,3114.36,0.02,B
1763509960.435,3114.32,0.01,B
1763509960.426,3114.3,0.01,B
1763509960.426,3114.29,0.01,B
1763509960.426,3114.29,0.01,B
1763509960.42,3114.26,0.02,B
1763509960.42,3114.23,0.02,B
1763509960.42,3114.23,0.01,B
1763509960.42,3114.2,0.02,B
1763509960.419,3114.18,0.02,B
1763509960.419,3114.18,0.64,B
1763509960.419,3114.18,0.14,B
1763509960.419,3114.18,0.01,B
1763509960.419,3114.18,0.01,B
1763509953.62,3114.17,0.8,S
1763509952.977,3114.26,0.06,S
1763509952.977,3114.26,0.03,S
1763509952.977,3114.3,0.01,S
1763509952.977,3114.31,0.01,S
1763509952.977,3114.31,0.01,S
1763509952.95,3114.45,0.01,S
1763509952.668,3114.48,0.12,B
1763509952.668,3114.48,0.02,B
1763509952.668,3114.48,0.02,B
1763509952.668,3114.47,0.02,B
1763509952.668,3114.47,0.01,B
1763509952.668,3114.45,0.01,B
1763509952.668,3114.44,0.01,B
1763509952.668,3114.44,0.01,B
1763509952.668,3114.44,0.01,B
1763509952.668,3114.4,0.01,B
1763509952.657,3114.3,0.01,B
1763509952.657,3114.3,0.01,B
1763509952.657,3114.3,0.01,B
1763509952.648,3114.29,0.01,B
1763509950.856,3114.2,0.01,B
1763509950.856,3114.2,0.01,B
1763509950.856,3114.17,0.02,B
1763509950.856,3114.12,0.15,B
1763509950.856,3114.12,0.01,B
1763509950.856,3114.12,0.01,B
1763509950.357,3114.11,0.01,S
1763509950.357,3114.11,0.01,S
